<?xml version='1.0' encoding='UTF-8'?>

<domain xmlns="urn:jboss:domain:1.0">
    <extensions>
        <extension module="org.jboss.as.clustering.infinispan"/>
        <extension module="org.jboss.as.clustering.jgroups"/>
        <extension module="org.jboss.as.connector"/>
        <extension module="org.jboss.as.ee"/>
        <extension module="org.jboss.as.ejb3"/>
        <extension module="org.jboss.as.jaxrs"/>
        <extension module="org.jboss.as.jmx"/>
        <extension module="org.jboss.as.jpa"/>
        <extension module="org.jboss.as.logging"/>
        <extension module="org.jboss.as.modcluster"/>
        <extension module="org.jboss.as.naming"/>
        <extension module="org.jboss.as.osgi"/>
        <extension module="org.jboss.as.remoting"/>
        <extension module="org.jboss.as.sar"/>
        <extension module="org.jboss.as.security"/>
        <extension module="org.jboss.as.threads"/>
        <extension module="org.jboss.as.transactions"/>
        <extension module="org.jboss.as.web"/>
        <extension module="org.jboss.as.weld"/>
        <extension module="org.jboss.as.paas.controller"/>
    </extensions>
    <system-properties>
        <property name="java.net.preferIPv4Stack" value="true"/>
    </system-properties>
    <profiles>
        <profile name="paas-controller">
            <subsystem xmlns="urn:jboss:domain:paas-controller:1.0">
                <iaas-providers>
                    <iaas-provider provider="myprovider" driver="delta-mock" url="http://localhost:3001/api" username="mockuser" password="mockpassword" image-id="i-12345"/>
                    <iaas-provider provider="euca-provider" driver="jcloud-eucalyptus" url="http://<euca-admin-ip>:8773/services/Eucalyptus" username="mockuser" password="mockpassword" image-id="i-12345"/>
                    <iaas-provider provider="myvm" driver="vm" url="" username="" password="" image-id=""/>
                    <iaas-provider provider="local-domain-controller" driver="local" url="" username="" password="" image-id=""/>
                </iaas-providers>
                <instances>
                    <instance id="in-2" provider="myvm" ip="172.16.254.128"/>
                    <instance id="in-3" provider="myvm" ip="172.16.254.129"/>
                </instances>
            </subsystem>
        </profile>
        <profile name="default">
            <subsystem xmlns="urn:jboss:domain:logging:1.1">
                <console-handler name="CONSOLE" autoflush="true">
                    <level name="INFO"/>
                    <formatter>
                        <pattern-formatter pattern="%d{HH:mm:ss,SSS} %-5p [%c] (%t) %s%E%n"/>
                    </formatter>
                </console-handler>
                <periodic-rotating-file-handler name="FILE" autoflush="true">
                    <level name="INFO"/>
                    <formatter>
                        <pattern-formatter pattern="%d{HH:mm:ss,SSS} %-5p [%c] (%t) %s%E%n"/>
                    </formatter>
                    <file relative-to="jboss.server.log.dir" path="server.log"/>
                    <suffix value=".yyyy-MM-dd"/>
                    <append value="true"/>
                </periodic-rotating-file-handler>
                <logger category="com.arjuna">
                    <level name="WARN"/>
                </logger>
                <logger category="org.apache.tomcat.util.modeler">
                    <level name="WARN"/>
                </logger>
                <logger category="sun.rmi">
                    <level name="WARN"/>
                </logger>
                <root-logger>
                    <level name="INFO"/>
                    <handlers>
                        <handler name="CONSOLE"/>
                        <handler name="FILE"/>
                    </handlers>
                </root-logger>
            </subsystem>
            <subsystem xmlns="urn:jboss:domain:datasources:1.0">
                <datasources>
                    <datasource jndi-name="java:jboss/datasources/ExampleDS" pool-name="H2DS" enabled="true" jta="true" use-java-context="true" use-ccm="true">
                        <connection-url>
                            jdbc:h2:mem:test;DB_CLOSE_DELAY=-1
                        </connection-url>
                        <driver>
                            h2
                        </driver>
                        <pool>
                            <prefill>
                                false
                            </prefill>
                            <use-strict-min>
                                false
                            </use-strict-min>
                            <flush-strategy>
                                FailingConnectionOnly
                            </flush-strategy>
                        </pool>
                        <security>
                            <user-name>
                                sa
                            </user-name>
                            <password>
                                sa
                            </password>
                        </security>
                        <validation>
                            <validate-on-match>
                                false
                            </validate-on-match>
                            <background-validation>
                                false
                            </background-validation>
                            <use-fast-fail>
                                false
                            </use-fast-fail>
                        </validation>
                    </datasource>
                    <drivers>
                        <driver name="h2" module="com.h2database.h2">
                            <xa-datasource-class>
                                org.h2.jdbcx.JdbcDataSource
                            </xa-datasource-class>
                        </driver>
                    </drivers>
                </datasources>
            </subsystem>
            <subsystem xmlns="urn:jboss:domain:ee:1.0"/>
            <subsystem xmlns="urn:jboss:domain:ejb3:1.1"/>
            <subsystem xmlns="urn:jboss:domain:infinispan:1.0" default-cache-container="hibernate">
                <cache-container name="hibernate" default-cache="local-query">
                    <local-cache name="entity">
                        <eviction strategy="LRU" max-entries="10000"/>
                        <expiration max-idle="100000"/>
                    </local-cache>
                    <local-cache name="local-query">
                        <eviction strategy="LRU" max-entries="10000"/>
                        <expiration max-idle="100000"/>
                    </local-cache>
                    <local-cache name="timestamps">
                        <eviction strategy="NONE"/>
                    </local-cache>
                </cache-container>
            </subsystem>
            <subsystem xmlns="urn:jboss:domain:jaxrs:1.0"/>
            <subsystem xmlns="urn:jboss:domain:jca:1.0">
                <archive-validation enabled="true"/>
                <bean-validation enabled="true"/>
                <default-workmanager>
                    <short-running-threads blocking="true" allow-core-timeout="false">
                        <core-threads count="10" per-cpu="20"/>
                        <queue-length count="10" per-cpu="20"/>
                        <max-threads count="10" per-cpu="20"/>
                        <keepalive-time time="10" unit="SECONDS"/>
                    </short-running-threads>
                    <long-running-threads blocking="true" allow-core-timeout="false">
                        <core-threads count="10" per-cpu="20"/>
                        <queue-length count="10" per-cpu="20"/>
                        <max-threads count="10" per-cpu="20"/>
                        <keepalive-time time="10" unit="SECONDS"/>
                    </long-running-threads>
                </default-workmanager>
            </subsystem>
            <subsystem xmlns="urn:jboss:domain:jmx:1.0">
                <jmx-connector server-binding="jmx-connector-server" registry-binding="jmx-connector-registry"/>
            </subsystem>
            <subsystem xmlns="urn:jboss:domain:jpa:1.0">
                <jpa default-datasource=""/>
            </subsystem>
            <subsystem xmlns="urn:jboss:domain:naming:1.0"/>
            <subsystem xmlns="urn:jboss:domain:osgi:1.0" activation="lazy">
                <configuration pid="org.apache.felix.webconsole.internal.servlet.OsgiManager">
                    <property name="manager.root">
                        jboss-osgi
                    </property>
                </configuration>
                <properties>
                    <property name="org.jboss.osgi.system.modules">
                        org.apache.commons.logging,
                                                                                                                                                                                                                                                                                                                                                                                                                                                                        org.apache.log4j,
                                                                                                                                                                                                                                                                                                                                                                                                                                                                        org.jboss.as.osgi,
                                                                                                                                                                                                                                                                                                                                                                                                                                                                        org.slf4j,
                    </property>
                    <property name="org.osgi.framework.startlevel.beginning">
                        1
                    </property>
                    <property name="org.osgi.framework.system.packages.extra">
                        org.apache.commons.logging;version=1.1.1,
                                                                                                                                                                                                                                                                                                                                                                                                                                                                        org.apache.log4j;version=1.2,
                                                                                                                                                                                                                                                                                                                                                                                                                                                                        org.jboss.as.osgi.service;version=7.0,
                                                                                                                                                                                                                                                                                                                                                                                                                                                                        org.jboss.osgi.deployment.interceptor;version=1.0,
                                                                                                                                                                                                                                                                                                                                                                                                                                                                        org.jboss.osgi.spi.capability;version=1.0,
                                                                                                                                                                                                                                                                                                                                                                                                                                                                        org.jboss.osgi.spi.util;version=1.0,
                                                                                                                                                                                                                                                                                                                                                                                                                                                                        org.jboss.osgi.testing;version=1.0,
                                                                                                                                                                                                                                                                                                                                                                                                                                                                        org.jboss.osgi.vfs;version=1.0,
                                                                                                                                                                                                                                                                                                                                                                                                                                                                        org.slf4j;version=1.5.10,
                    </property>
                </properties>
                <modules>
                    <module identifier="javaee.api"/>
                    <module identifier="org.jboss.logging"/>
                    <module identifier="org.apache.aries.util"/>
                    <module identifier="org.jboss.osgi.webconsole"/>
                    <module identifier="org.osgi.compendium"/>
                    <module identifier="org.apache.felix.log" startlevel="1"/>
                    <module identifier="org.jboss.osgi.logging" startlevel="1"/>
                    <module identifier="org.apache.felix.configadmin" startlevel="1"/>
                    <module identifier="org.jboss.as.osgi.configadmin" startlevel="1"/>
                    <module identifier="org.apache.aries.jmx" startlevel="2"/>
                    <module identifier="org.apache.felix.eventadmin" startlevel="2"/>
                    <module identifier="org.apache.felix.metatype" startlevel="2"/>
                    <module identifier="org.apache.felix.webconsole" startlevel="2"/>
                    <module identifier="org.jboss.osgi.jmx" startlevel="2"/>
                    <module identifier="org.jboss.osgi.http" startlevel="2"/>
                    <module identifier="org.jboss.osgi.blueprint" startlevel="3"/>
                    <module identifier="org.jboss.osgi.webapp" startlevel="3"/>
                    <module identifier="org.jboss.osgi.xerces" startlevel="3"/>
                </modules>
            </subsystem>
            <subsystem xmlns="urn:jboss:domain:remoting:1.0"/>
            <subsystem xmlns="urn:jboss:domain:resource-adapters:1.0"/>
            <subsystem xmlns="urn:jboss:domain:sar:1.0"/>
            <subsystem xmlns="urn:jboss:domain:security:1.0">
                <security-domains>
                    <security-domain name="other">
                        <authentication>
                            <login-module code="UsersRoles" flag="required"/>
                        </authentication>
                    </security-domain>
                </security-domains>
            </subsystem>
            <subsystem xmlns="urn:jboss:domain:threads:1.0"/>
            <subsystem xmlns="urn:jboss:domain:transactions:1.0">
                <core-environment>
                    <process-id>
                        <uuid/>
                    </process-id>
                </core-environment>
                <recovery-environment socket-binding="txn-recovery-environment" status-socket-binding="txn-status-manager"/>
                <coordinator-environment default-timeout="300"/>
                <object-store/>
            </subsystem>
            <subsystem xmlns="urn:jboss:domain:web:1.0" default-virtual-server="default-host">
                <connector name="http" protocol="HTTP/1.1" socket-binding="http" scheme="http"/>
                <virtual-server name="default-host">
                    <alias name="localhost"/>
                    <alias name="example.com"/>
                </virtual-server>
            </subsystem>
            <subsystem xmlns="urn:jboss:domain:weld:1.0"/>
        </profile>
        <profile name="ha">
            <subsystem xmlns="urn:jboss:domain:logging:1.1">
                <console-handler name="CONSOLE" autoflush="true">
                    <level name="INFO"/>
                    <formatter>
                        <pattern-formatter pattern="%d{HH:mm:ss,SSS} %-5p [%c] (%t) %s%E%n"/>
                    </formatter>
                </console-handler>
                <periodic-rotating-file-handler name="FILE" autoflush="true">
                    <level name="INFO"/>
                    <formatter>
                        <pattern-formatter pattern="%d{HH:mm:ss,SSS} %-5p [%c] (%t) %s%E%n"/>
                    </formatter>
                    <file relative-to="jboss.server.log.dir" path="server.log"/>
                    <suffix value=".yyyy-MM-dd"/>
                    <append value="true"/>
                </periodic-rotating-file-handler>
                <logger category="com.arjuna">
                    <level name="WARN"/>
                </logger>
                <logger category="org.apache.tomcat.util.modeler">
                    <level name="WARN"/>
                </logger>
                <logger category="sun.rmi">
                    <level name="WARN"/>
                </logger>
                <root-logger>
                    <level name="INFO"/>
                    <handlers>
                        <handler name="CONSOLE"/>
                        <handler name="FILE"/>
                    </handlers>
                </root-logger>
            </subsystem>
            <subsystem xmlns="urn:jboss:domain:datasources:1.0">
                <datasources>
                    <datasource jndi-name="java:jboss/datasources/ExampleDS" pool-name="H2DS" enabled="true" jta="true" use-java-context="true" use-ccm="true">
                        <connection-url>
                            jdbc:h2:mem:test;DB_CLOSE_DELAY=-1
                        </connection-url>
                        <driver>
                            h2
                        </driver>
                        <pool>
                            <prefill>
                                false
                            </prefill>
                            <use-strict-min>
                                false
                            </use-strict-min>
                            <flush-strategy>
                                FailingConnectionOnly
                            </flush-strategy>
                        </pool>
                        <security>
                            <user-name>
                                sa
                            </user-name>
                            <password>
                                sa
                            </password>
                        </security>
                        <validation>
                            <validate-on-match>
                                false
                            </validate-on-match>
                            <background-validation>
                                false
                            </background-validation>
                            <use-fast-fail>
                                false
                            </use-fast-fail>
                        </validation>
                    </datasource>
                    <drivers>
                        <driver name="h2" module="com.h2database.h2">
                            <xa-datasource-class>
                                org.h2.jdbcx.JdbcDataSource
                            </xa-datasource-class>
                        </driver>
                    </drivers>
                </datasources>
            </subsystem>
            <subsystem xmlns="urn:jboss:domain:ee:1.0"/>
            <subsystem xmlns="urn:jboss:domain:ejb3:1.1"/>
            <subsystem xmlns="urn:jboss:domain:infinispan:1.0" default-cache-container="cluster">
                <cache-container name="cluster" default-cache="default">
                    <alias>
                        ha-partition
                    </alias>
                    <replicated-cache mode="SYNC" name="default" batching="true">
                        <locking isolation="REPEATABLE_READ"/>
                    </replicated-cache>
                </cache-container>
                <cache-container name="web" default-cache="repl">
                    <alias>
                        standard-session-cache
                    </alias>
                    <replicated-cache mode="ASYNC" name="repl" batching="true">
                        <locking isolation="REPEATABLE_READ"/>
                        <file-store/>
                    </replicated-cache>
                    <distributed-cache mode="ASYNC" name="dist" batching="true">
                        <locking isolation="REPEATABLE_READ"/>
                        <file-store/>
                    </distributed-cache>
                </cache-container>
                <cache-container name="sfsb" default-cache="repl">
                    <alias>
                        sfsb-cache
                    </alias>
                    <alias>
                        jboss.cache:service=EJB3SFSBClusteredCache
                    </alias>
                    <replicated-cache mode="ASYNC" name="repl" batching="true">
                        <locking isolation="REPEATABLE_READ"/>
                        <eviction strategy="LRU" max-entries="10000"/>
                        <file-store/>
                    </replicated-cache>
                </cache-container>
                <cache-container name="hibernate" default-cache="local-query">
                    <invalidation-cache mode="SYNC" name="entity">
                        <eviction strategy="LRU" max-entries="10000"/>
                        <expiration max-idle="100000"/>
                    </invalidation-cache>
                    <local-cache name="local-query">
                        <eviction strategy="LRU" max-entries="10000"/>
                        <expiration max-idle="100000"/>
                    </local-cache>
                    <replicated-cache mode="ASYNC" name="timestamps">
                        <eviction strategy="NONE"/>
                    </replicated-cache>
                </cache-container>
            </subsystem>
            <subsystem xmlns="urn:jboss:domain:jaxrs:1.0"/>
            <subsystem xmlns="urn:jboss:domain:jca:1.0">
                <archive-validation enabled="true"/>
                <bean-validation enabled="true"/>
                <default-workmanager>
                    <short-running-threads blocking="true" allow-core-timeout="false">
                        <core-threads count="10" per-cpu="20"/>
                        <queue-length count="10" per-cpu="20"/>
                        <max-threads count="10" per-cpu="20"/>
                        <keepalive-time time="10" unit="SECONDS"/>
                    </short-running-threads>
                    <long-running-threads blocking="true" allow-core-timeout="false">
                        <core-threads count="10" per-cpu="20"/>
                        <queue-length count="10" per-cpu="20"/>
                        <max-threads count="10" per-cpu="20"/>
                        <keepalive-time time="10" unit="SECONDS"/>
                    </long-running-threads>
                </default-workmanager>
            </subsystem>
            <subsystem xmlns="urn:jboss:domain:jgroups:1.0" default-stack="udp">
                <stack name="udp">
                    <transport type="UDP" socket-binding="jgroups-udp" diagnostics-socket-binding="jgroups-diagnostics"/>
                    <protocol type="PING"/>
                    <protocol type="MERGE2"/>
                    <protocol type="FD_SOCK" socket-binding="jgroups-udp-fd"/>
                    <protocol type="FD"/>
                    <protocol type="VERIFY_SUSPECT"/>
                    <protocol type="BARRIER"/>
                    <protocol type="pbcast.NAKACK"/>
                    <protocol type="UNICAST"/>
                    <protocol type="pbcast.STABLE"/>
                    <protocol type="VIEW_SYNC"/>
                    <protocol type="pbcast.GMS"/>
                    <protocol type="UFC"/>
                    <protocol type="MFC"/>
                    <protocol type="FRAG2"/>
                    <protocol type="pbcast.STREAMING_STATE_TRANSFER"/>
                    <protocol type="pbcast.FLUSH"/>
                </stack>
                <stack name="tcp">
                    <transport type="TCP" socket-binding="jgroups-tcp" diagnostics-socket-binding="jgroups-diagnostics"/>
                    <protocol type="MPING" socket-binding="jgroups-mping"/>
                    <protocol type="MERGE2"/>
                    <protocol type="FD_SOCK" socket-binding="jgroups-tcp-fd"/>
                    <protocol type="FD"/>
                    <protocol type="VERIFY_SUSPECT"/>
                    <protocol type="BARRIER"/>
                    <protocol type="pbcast.NAKACK"/>
                    <protocol type="UNICAST"/>
                    <protocol type="pbcast.STABLE"/>
                    <protocol type="VIEW_SYNC"/>
                    <protocol type="pbcast.GMS"/>
                    <protocol type="UFC"/>
                    <protocol type="MFC"/>
                    <protocol type="FRAG2"/>
                    <protocol type="pbcast.STREAMING_STATE_TRANSFER"/>
                    <protocol type="pbcast.FLUSH"/>
                </stack>
            </subsystem>
            <subsystem xmlns="urn:jboss:domain:jmx:1.0">
                <jmx-connector server-binding="jmx-connector-server" registry-binding="jmx-connector-registry"/>
            </subsystem>
            <subsystem xmlns="urn:jboss:domain:jpa:1.0">
                <jpa default-datasource=""/>
            </subsystem>
            <subsystem xmlns="urn:jboss:domain:modcluster:1.0">
                <mod-cluster-config advertise-socket="modcluster"/>
            </subsystem>
            <subsystem xmlns="urn:jboss:domain:naming:1.0"/>
            <subsystem xmlns="urn:jboss:domain:osgi:1.0" activation="lazy">
                <configuration pid="org.apache.felix.webconsole.internal.servlet.OsgiManager">
                    <property name="manager.root">
                        jboss-osgi
                    </property>
                </configuration>
                <properties>
                    <property name="org.jboss.osgi.system.modules">
                        org.apache.commons.logging,
                                                                                                                                                                                                                                                                                                                                                                                                                                                                        org.apache.log4j,
                                                                                                                                                                                                                                                                                                                                                                                                                                                                        org.jboss.as.osgi,
                                                                                                                                                                                                                                                                                                                                                                                                                                                                        org.slf4j,
                    </property>
                    <property name="org.osgi.framework.startlevel.beginning">
                        1
                    </property>
                    <property name="org.osgi.framework.system.packages.extra">
                        org.apache.commons.logging;version=1.1.1,
                                                                                                                                                                                                                                                                                                                                                                                                                                                                        org.apache.log4j;version=1.2,
                                                                                                                                                                                                                                                                                                                                                                                                                                                                        org.jboss.as.osgi.service;version=7.0,
                                                                                                                                                                                                                                                                                                                                                                                                                                                                        org.jboss.osgi.deployment.interceptor;version=1.0,
                                                                                                                                                                                                                                                                                                                                                                                                                                                                        org.jboss.osgi.spi.capability;version=1.0,
                                                                                                                                                                                                                                                                                                                                                                                                                                                                        org.jboss.osgi.spi.util;version=1.0,
                                                                                                                                                                                                                                                                                                                                                                                                                                                                        org.jboss.osgi.testing;version=1.0,
                                                                                                                                                                                                                                                                                                                                                                                                                                                                        org.jboss.osgi.vfs;version=1.0,
                                                                                                                                                                                                                                                                                                                                                                                                                                                                        org.slf4j;version=1.5.10,
                    </property>
                </properties>
                <modules>
                    <module identifier="javaee.api"/>
                    <module identifier="org.jboss.logging"/>
                    <module identifier="org.apache.aries.util"/>
                    <module identifier="org.jboss.osgi.webconsole"/>
                    <module identifier="org.osgi.compendium"/>
                    <module identifier="org.apache.felix.log" startlevel="1"/>
                    <module identifier="org.jboss.osgi.logging" startlevel="1"/>
                    <module identifier="org.apache.felix.configadmin" startlevel="1"/>
                    <module identifier="org.jboss.as.osgi.configadmin" startlevel="1"/>
                    <module identifier="org.apache.aries.jmx" startlevel="2"/>
                    <module identifier="org.apache.felix.eventadmin" startlevel="2"/>
                    <module identifier="org.apache.felix.metatype" startlevel="2"/>
                    <module identifier="org.apache.felix.webconsole" startlevel="2"/>
                    <module identifier="org.jboss.osgi.jmx" startlevel="2"/>
                    <module identifier="org.jboss.osgi.http" startlevel="2"/>
                    <module identifier="org.jboss.osgi.blueprint" startlevel="3"/>
                    <module identifier="org.jboss.osgi.webapp" startlevel="3"/>
                    <module identifier="org.jboss.osgi.xerces" startlevel="3"/>
                </modules>
            </subsystem>
            <subsystem xmlns="urn:jboss:domain:remoting:1.0"/>
            <subsystem xmlns="urn:jboss:domain:resource-adapters:1.0"/>
            <subsystem xmlns="urn:jboss:domain:sar:1.0"/>
            <subsystem xmlns="urn:jboss:domain:security:1.0">
                <security-domains>
                    <security-domain name="other">
                        <authentication>
                            <login-module code="UsersRoles" flag="required"/>
                        </authentication>
                    </security-domain>
                </security-domains>
            </subsystem>
            <subsystem xmlns="urn:jboss:domain:threads:1.0"/>
            <subsystem xmlns="urn:jboss:domain:transactions:1.0">
                <core-environment>
                    <process-id>
                        <uuid/>
                    </process-id>
                </core-environment>
                <recovery-environment socket-binding="txn-recovery-environment" status-socket-binding="txn-status-manager"/>
                <coordinator-environment default-timeout="300"/>
                <object-store/>
            </subsystem>
            <subsystem xmlns="urn:jboss:domain:web:1.0" default-virtual-server="default-host">
                <connector name="http" protocol="HTTP/1.1" socket-binding="http" scheme="http"/>
                <virtual-server name="default-host">
                    <alias name="localhost"/>
                    <alias name="example.com"/>
                </virtual-server>
            </subsystem>
            <subsystem xmlns="urn:jboss:domain:weld:1.0"/>
        </profile>
    </profiles>
    <interfaces>
        <interface name="management"/>
        <interface name="public"/>
    </interfaces>
    <socket-binding-groups>
        <socket-binding-group name="standard-sockets" default-interface="public">
            <socket-binding name="http" port="8080"/>
            <socket-binding name="https" port="8443"/>
            <socket-binding name="jmx-connector-registry" port="1090"/>
            <socket-binding name="jmx-connector-server" port="1091"/>
            <socket-binding name="jndi" port="1099"/>
            <socket-binding name="osgi-http" port="8090"/>
            <socket-binding name="remoting" port="4447"/>
            <socket-binding name="txn-recovery-environment" port="4712"/>
            <socket-binding name="txn-status-manager" port="4713"/>
        </socket-binding-group>
        <socket-binding-group name="ha-sockets" default-interface="public">
            <socket-binding name="http" port="8080"/>
            <socket-binding name="https" port="8443"/>
            <socket-binding name="jgroups-diagnostics" port="0" multicast-address="224.0.75.75" multicast-port="7500"/>
            <socket-binding name="jgroups-mping" port="0" multicast-address="230.0.0.4" multicast-port="45700"/>
            <socket-binding name="jgroups-tcp" port="7600"/>
            <socket-binding name="jgroups-tcp-fd" port="57600"/>
            <socket-binding name="jgroups-udp" port="55200" multicast-address="230.0.0.4" multicast-port="45688"/>
            <socket-binding name="jgroups-udp-fd" port="54200"/>
            <socket-binding name="jmx-connector-registry" port="1090"/>
            <socket-binding name="jmx-connector-server" port="1091"/>
            <socket-binding name="jndi" port="1099"/>
            <socket-binding name="modcluster" port="0" multicast-address="224.0.1.105" multicast-port="23364"/>
            <socket-binding name="osgi-http" port="8090"/>
            <socket-binding name="remoting" port="4447"/>
            <socket-binding name="txn-recovery-environment" port="4712"/>
            <socket-binding name="txn-status-manager" port="4713"/>
        </socket-binding-group>
    </socket-binding-groups>
    <server-groups>
    </server-groups>
</domain>