<module xmlns="urn:jboss:module:1.0" name="org.jboss.as.paas.controller">
    <resources>
        <resource-root path="jboss-as-paas-controller.jar"/>
        <resource-root path="deltacloud-client-0.2.0-SNAPSHOT.jar"/>
    </resources>

    <dependencies>
        <module name="javax.api"/>
        <module name="org.jboss.staxmapper"/>
        <module name="org.jboss.as.controller"/>
        <module name="org.jboss.as.server"/>
        <module name="org.jboss.modules"/>
        <module name="org.jboss.msc"/>
        <module name="org.jboss.logging"/>
        <module name="org.jboss.vfs"/>
        <module name="org.jboss.as.cli"/>
        <module name="org.jboss.threads"/>
        <module name="org.jboss.as.threads"/>
    </dependencies>
</module>
